Name,Age,City,Salary
John Doe,28,New York,75000
Jane Smith,32,Los Angeles,82000
Bob Johnson,45,Chicago,68000
Alice Brown,29,Houston,71000
Michael Lee,34,New York,79000
Sophia Davis,30,Los Angeles,76000
Daniel Wilson,40,Chicago,69000
Emma Clark,27,Houston,72000
Olivia Harris,31,New York,83000
Liam Martin,36,Los Angeles,88000
Noah Thompson,38,Chicago,64000
Ava White,26,Houston,70000
Isabella Young,33,New York,81000
Mason Hall,41,Los Angeles,91000
Logan King,39,Chicago,67000
Charlotte Scott,25,Houston,68000
Amelia Green,29,New York,77000
Lucas Adams,35,Los Angeles,86000
Elijah Baker,44,Chicago,70000
Harper Nelson,28,Houston,73000
Evelyn Carter,37,New York,84000
James Allen,42,Los Angeles,90000
Benjamin Wright,46,Chicago,72000
Mia Lopez,24,Houston,65000
Henry Hill,30,New York,78000
Alexander Torres,34,Los Angeles,85000
Sebastian Ramirez,43,Chicago,71000
Eleanor Gray,27,Houston,69000
Jack Bennett,32,New York,80000
Samuel Rivera,36,Los Angeles,87000
David Foster,48,Chicago,73000
Grace Kelly,29,Houston,72000
Victoria Sanders,31,New York,76000
Matthew Price,37,Los Angeles,89000
Joseph Howard,45,Chicago,70000
Lily Ward,26,Houston,66000
Aiden Cox,33,New York,82000
Wyatt Diaz,38,Los Angeles,84000
Leo Hughes,41,Chicago,68000
Zoe Ramirez,25,Houston,70000
Nathan Bryant,28,New York,79000
Gabriel Brooks,35,Los Angeles,86000
Hunter Reyes,47,Chicago,72000
Aurora Simmons,29,Houston,71000
Christian Ward,30,New York,78000
Penelope Evans,39,Los Angeles,90000
Dylan Turner,44,Chicago,69000
Nora Morgan,27,Houston,72000